task_id,place_id,type,priority,city,name
research_8aa838020f9d6e0974707f78,yc_in_rj_jaipur_albert_hall_museum,REAL_PRIMARY_IMAGE,P0,Jaipur,Albert Hall Museum
research_a896d5cc87f5043de0c60997,yc_in_rj_jaipur_amrapali_museum,REAL_PRIMARY_IMAGE,P0,Jaipur,Amrapali Museum
research_51a3cc7b0eb0bf08e07bfe7b,yc_in_rj_jaipur_anokhi_museum_of_hand_printing,REAL_PRIMARY_IMAGE,P0,Jaipur,Anokhi Museum of Hand Printing
research_a10d57f0ff6ab818ef4744ae,yc_in_rj_jaipur_birla_mandir_aka_the_marble_temple,REAL_PRIMARY_IMAGE,P0,Jaipur,Birla Mandir (aka The Marble Temple)
research_2178b190292274bcba5abdbc,yc_in_rj_jaipur_city_palace,REAL_PRIMARY_IMAGE,P0,Jaipur,City Palace
research_36ac56128dd6f11d22af9d63,yc_in_rj_jaipur_galtaji,REAL_PRIMARY_IMAGE,P0,Jaipur,Galtaji
research_3a60571ce74994a0af12c78a,yc_in_rj_jaipur_govind_devji_temple,REAL_PRIMARY_IMAGE,P0,Jaipur,Govind Devji Temple
research_c69dbb8529a7c2334e66fae8,yc_in_rj_jaipur_jantar_mantar,REAL_PRIMARY_IMAGE,P0,Jaipur,Jantar Mantar
research_0d698ea4ce42e26154ccc53a,yc_in_rj_jaipur_jawahar_circle,REAL_PRIMARY_IMAGE,P0,Jaipur,Jawahar Circle
research_47ddcc42bcad354356575985,yc_in_rj_jaipur_ram_niwas_garden,COORDINATE_RESEARCH,P0,Jaipur,Ram Niwas Garden
research_407b3bb38da90f2267317118,yc_in_rj_jaipur_ram_niwas_garden,REAL_PRIMARY_IMAGE,P0,Jaipur,Ram Niwas Garden
research_c3f26da7e3de691706b489a2,yc_in_rj_jaipur_shri_digamber_jain_atishya_kshetra_mandir_sanghiji,REAL_PRIMARY_IMAGE,P0,Jaipur,"Shri Digamber Jain Atishya Kshetra Mandir, Sanghiji"
research_9d5a01fadc3e58a1e45a5fe8,yc_in_rj_jaipur_sisodia_rani_palace_and_garden,REAL_PRIMARY_IMAGE,P0,Jaipur,Sisodia Rani Palace and Garden
research_6f4dd983019e1e72cd7b7fe7,yc_in_rj_jaipur_dalaram_bagh,REAL_PRIMARY_IMAGE,P0,Jaipur,Dalaram Bagh
research_1f013c4faef9c59080c83aea,yc_in_rj_jaipur_nahargarh_wildlife_sanctuary,COORDINATE_RESEARCH,P0,Jaipur,Nahargarh Wildlife Sanctuary
research_a28b93c96ccb4a0cf521f6aa,yc_in_rj_jaipur_nahargarh_wildlife_sanctuary,REAL_PRIMARY_IMAGE,P0,Jaipur,Nahargarh Wildlife Sanctuary
research_3be86488cb86733209a6b2a1,yc_in_rj_jaipur_kesar_kyari,REAL_PRIMARY_IMAGE,P0,Jaipur,Kesar Kyari
research_5dd470cf3705b7561740fe8a,yc_in_rj_jaipur_jhalanaamagarh_leopard_conservation_reserve,REAL_PRIMARY_IMAGE,P0,Jaipur,Jhalana–Amagarh Leopard Conservation Reserve
research_3cd5b6fe05426df566fee2f3,yc_in_rj_jaipur_akshardham_temple,REAL_PRIMARY_IMAGE,P0,Jaipur,Akshardham Temple
research_995c45850284bf597cc7066d,yc_in_rj_jaipur_jawahar_kala_kendra,REAL_PRIMARY_IMAGE,P0,Jaipur,Jawahar Kala Kendra
research_eb6b80ab67823f11fcde7b4c,yc_in_rj_jaipur_akabar_ke_kos_chinha,REAL_PRIMARY_IMAGE,P0,Jaipur,Akabar Ke Kos Chinha
research_5ce00f3b12fc29935457a809,yc_in_rj_jaipur_royal_gaitor,REAL_PRIMARY_IMAGE,P0,Jaipur,Royal Gaitor
research_c1ef13be45dbed0a005457e2,yc_in_rj_jaipur_lake_palace,REAL_PRIMARY_IMAGE,P0,Jaipur,Lake Palace
research_9d74a6b53f3d470c87db41de,yc_in_rj_jaipur_suraj_pol_gate,REAL_PRIMARY_IMAGE,P0,Jaipur,Suraj Pol Gate
research_629d060c5306fa38364fbae9,yc_in_rj_jaipur_jaipur_wax_museum,REAL_PRIMARY_IMAGE,P0,Jaipur,Jaipur Wax Museum
research_2e1a64970981b33cc92951e3,yc_in_rj_jaipur_patrika_gate,REAL_PRIMARY_IMAGE,P0,Jaipur,Patrika Gate
research_b77612498dba9468920c05c2,yc_in_rj_jaipur_statue_circle,REAL_PRIMARY_IMAGE,P0,Jaipur,Statue Circle
research_5f560ee9c012560327db16b8,yc_in_rj_jaipur_moti_doongri_fort,REAL_PRIMARY_IMAGE,P0,Jaipur,Moti Doongri Fort
research_67ce46dfdbb27020b2dce714,yc_in_rj_jaipur_alice_garg_seashell_museum,REAL_PRIMARY_IMAGE,P0,Jaipur,Alice Garg Seashell Museum
research_6846f9220bdaffab6754a88c,yc_in_rj_jaipur_nakati_mata_temple,COORDINATE_RESEARCH,P0,Jaipur,Nakati Mata Temple
research_aae17862fe77f1f873f2e052,yc_in_rj_jaipur_nakati_mata_temple,REAL_PRIMARY_IMAGE,P0,Jaipur,Nakati Mata Temple
research_82d44b4d740f3bf7c62a89a3,yc_in_rj_jaipur_man_gate,REAL_PRIMARY_IMAGE,P0,Jaipur,Man Gate
research_0d0f713f7bb780ecec39789b,yc_in_rj_jaipur_paanch_batti,REAL_PRIMARY_IMAGE,P0,Jaipur,Paanch Batti
research_8e55483c59e4cb6a51d8f10e,yc_in_rj_jaipur_sanganeri_gate,REAL_PRIMARY_IMAGE,P0,Jaipur,Sanganeri Gate
research_a0c487b6f3684390aeab7b09,yc_in_rj_jaipur_sattais_kacheri,REAL_PRIMARY_IMAGE,P0,Jaipur,Sattais Kacheri
research_a914a1697b1e9b4936f03b86,yc_in_rj_jaipur_iswari_minar_swarga_sali_isarlat,REAL_PRIMARY_IMAGE,P0,Jaipur,Iswari Minar Swarga Sali (Isarlat)
research_6035e2625fd512b5152cd5fd,yc_in_rj_jaipur_gaitore,REAL_PRIMARY_IMAGE,P0,Jaipur,Gaitore
research_1833a628ca538c58e5b52670,yc_in_rj_jaipur_galwar_bagh,REAL_PRIMARY_IMAGE,P0,Jaipur,Galwar Bagh
research_e8a6966046199590f69e21ae,yc_in_rj_jaipur_jain_mandir,REAL_PRIMARY_IMAGE,P0,Jaipur,Jain Mandir
research_a880b8e8dcff60151c4f144a,yc_in_rj_jaipur_vidyadhar_garden,REAL_PRIMARY_IMAGE,P0,Jaipur,Vidyadhar Garden
research_e2f7da77655aa4878572e0c3,yc_in_rj_jaipur_haveli,REAL_PRIMARY_IMAGE,P0,Jaipur,Haveli
research_fb6526da1eacaaf21aa3696e,yc_in_rj_jaipur_india_gate,REAL_PRIMARY_IMAGE,P0,Jaipur,India gate
research_b33155cc53ce5b31a0ed71ba,yc_in_rj_jaipur_maharaniyon,REAL_PRIMARY_IMAGE,P0,Jaipur,Maharaniyon
research_b43d445e1d777d4686e15739,yc_in_rj_jaipur_moon_gate,REAL_PRIMARY_IMAGE,P0,Jaipur,Moon Gate
research_167df503abe36472619baa51,yc_in_rj_jaipur_sun_gate,REAL_PRIMARY_IMAGE,P0,Jaipur,Sun Gate
research_3b474339ecee01f77a83e6ae,yc_in_rj_jaipur_chulgiri_digamber_jain_temple,REAL_PRIMARY_IMAGE,P0,Jaipur,Chulgiri Digamber Jain Temple
research_125bbd89adcf57d2adffcb00,yc_in_rj_jaipur_diwan_i_am,REAL_PRIMARY_IMAGE,P0,Jaipur,Diwan-i-Am
research_995b58ee2c0d27c96e389578,yc_in_rj_jaipur_elejungle_jaipur_elephant_ride,REAL_PRIMARY_IMAGE,P0,Jaipur,EleJungle- Jaipur Elephant Ride
research_74a80f5530a30023abf074cb,yc_in_rj_jaipur_elephant_riding,REAL_PRIMARY_IMAGE,P0,Jaipur,Elephant Riding
research_48322e0971188a47493fb796,yc_in_rj_jaipur_ajmeri_gate,REAL_PRIMARY_IMAGE,P0,Jaipur,Ajmeri Gate
research_9c153f7c54a2fc5e4f5f2b54,yc_in_rj_jaipur_ganesh_pol,REAL_PRIMARY_IMAGE,P0,Jaipur,Ganesh Pol
research_3817f84ad726744294081ccd,yc_in_rj_jaipur_rooftop_view_stairs,REAL_PRIMARY_IMAGE,P0,Jaipur,Rooftop view stairs
research_047e0d0403bba5883d4f529a,yc_in_rj_jaipur_sawai_mansingh_townhall,REAL_PRIMARY_IMAGE,P0,Jaipur,Sawai Mansingh Townhall
research_f9ac8be6835c1a0317b43c94,yc_in_rj_jaipur_oyo_16578_rs_palace,COORDINATE_RESEARCH,P1,Jaipur,OYO 16578 Rs Palace
research_de35cb25fa8a3613e8dc68ec,yc_in_rj_jaipur_albert_hall_museum,OPENING_HOURS,P2,Jaipur,Albert Hall Museum
research_cbefacbb1ad8648915faed60,yc_in_rj_jaipur_amrapali_museum,OPENING_HOURS,P2,Jaipur,Amrapali Museum
research_85f8390cb9a941833bda22bd,yc_in_rj_jaipur_anokhi_museum_of_hand_printing,OPENING_HOURS,P2,Jaipur,Anokhi Museum of Hand Printing
research_069699650553d5d6de946b6f,yc_in_rj_jaipur_birla_mandir_aka_the_marble_temple,OPENING_HOURS,P2,Jaipur,Birla Mandir (aka The Marble Temple)
research_5d48626b4c82254d6098e00c,yc_in_rj_jaipur_city_palace,OPENING_HOURS,P2,Jaipur,City Palace
research_b567ee797530b1aa21d1e1db,yc_in_rj_jaipur_govind_devji_temple,OPENING_HOURS,P2,Jaipur,Govind Devji Temple
research_7b5f7743cca052c76d68ac36,yc_in_rj_jaipur_moti_dungri_mandir,OPENING_HOURS,P2,Jaipur,Moti Dungri Mandir
research_decfa101bf95b62f4685b29e,yc_in_rj_jaipur_ram_niwas_garden,OPENING_HOURS,P2,Jaipur,Ram Niwas Garden
research_1314f64ec5d940a3f565e3bc,yc_in_rj_jaipur_ram_niwas_garden,WEBSITE,P2,Jaipur,Ram Niwas Garden
research_5a0c8170459cefc35529f9b4,yc_in_rj_jaipur_shri_digamber_jain_atishya_kshetra_mandir_sanghiji,OPENING_HOURS,P2,Jaipur,"Shri Digamber Jain Atishya Kshetra Mandir, Sanghiji"
research_c7d1aa24633b6178ef64ca56,yc_in_rj_jaipur_shri_digamber_jain_atishya_kshetra_mandir_sanghiji,WEBSITE,P2,Jaipur,"Shri Digamber Jain Atishya Kshetra Mandir, Sanghiji"
research_e231dd6bdf823b25828394ab,yc_in_rj_jaipur_sisodia_rani_palace_and_garden,OPENING_HOURS,P2,Jaipur,Sisodia Rani Palace and Garden
research_1785f3d006d6de58aadf9720,yc_in_rj_jaipur_dalaram_bagh,OPENING_HOURS,P2,Jaipur,Dalaram Bagh
research_60bd090c328f9be991e4afac,yc_in_rj_jaipur_dalaram_bagh,WEBSITE,P2,Jaipur,Dalaram Bagh
research_cf816d42af2b706cd57c6493,yc_in_rj_jaipur_kesar_kyari,OPENING_HOURS,P2,Jaipur,Kesar Kyari
research_a019ecf0808aedbe9ded8907,yc_in_rj_jaipur_kesar_kyari,WEBSITE,P2,Jaipur,Kesar Kyari
research_cbda034623b7ba458e6ea480,yc_in_rj_jaipur_akshardham_temple,OPENING_HOURS,P2,Jaipur,Akshardham Temple
research_7419f3739fbe82fc880e3c8f,yc_in_rj_jaipur_akshardham_temple,WEBSITE,P2,Jaipur,Akshardham Temple
research_929aad5ad7b61885eefeb593,yc_in_rj_jaipur_jawahar_kala_kendra,OPENING_HOURS,P2,Jaipur,Jawahar Kala Kendra
research_761eb9ec70ecaf2c2968223e,yc_in_rj_jaipur_akabar_ke_kos_chinha,DESCRIPTION,P2,Jaipur,Akabar Ke Kos Chinha
research_59ddc61be469c75127a806e6,yc_in_rj_jaipur_lake_palace,OPENING_HOURS,P2,Jaipur,Lake Palace
research_1b45415bca2ffbc557af90ba,yc_in_rj_jaipur_suraj_pol_gate,DESCRIPTION,P2,Jaipur,Suraj Pol Gate
research_667f9ecdec676482d231c8ed,yc_in_rj_jaipur_jaipur_wax_museum,DESCRIPTION,P2,Jaipur,Jaipur Wax Museum
research_2f34cd62da8b0c30624de157,yc_in_rj_jaipur_jaipur_wax_museum,OPENING_HOURS,P2,Jaipur,Jaipur Wax Museum
research_50d309840a7a219541168b24,yc_in_rj_jaipur_patrika_gate,DESCRIPTION,P2,Jaipur,Patrika Gate
research_391965d804947f63d1400a3a,yc_in_rj_jaipur_moti_doongri_fort,OPENING_HOURS,P2,Jaipur,Moti Doongri Fort
research_7e4ecd87693c975d1f9961ff,yc_in_rj_jaipur_moti_doongri_fort,WEBSITE,P2,Jaipur,Moti Doongri Fort
research_d986f1d8684a02f5ca684689,yc_in_rj_jaipur_alice_garg_seashell_museum,OPENING_HOURS,P2,Jaipur,Alice Garg Seashell Museum
research_5d40f119df57adfb7827240a,yc_in_rj_jaipur_nakati_mata_temple,DESCRIPTION,P2,Jaipur,Nakati Mata Temple
research_2935c97cef8c43a51ddd94c7,yc_in_rj_jaipur_nakati_mata_temple,OPENING_HOURS,P2,Jaipur,Nakati Mata Temple
research_d8b47d0950f293ce88e04679,yc_in_rj_jaipur_nakati_mata_temple,WEBSITE,P2,Jaipur,Nakati Mata Temple
research_6f46a1fd906ff86d3428285b,yc_in_rj_jaipur_man_gate,DESCRIPTION,P2,Jaipur,Man Gate
research_64038b17c2e1eb07332e12d5,yc_in_rj_jaipur_paanch_batti,DESCRIPTION,P2,Jaipur,Paanch Batti
research_3229493d64267db6ee9b4640,yc_in_rj_jaipur_sanganeri_gate,DESCRIPTION,P2,Jaipur,Sanganeri Gate
research_a2672010ea3afcc1ba13e7d7,yc_in_rj_jaipur_sattais_kacheri,DESCRIPTION,P2,Jaipur,Sattais Kacheri
research_99ab54f4a201232d65154401,yc_in_rj_jaipur_galwar_bagh,OPENING_HOURS,P2,Jaipur,Galwar Bagh
research_f0c2a1514669009122be8525,yc_in_rj_jaipur_galwar_bagh,WEBSITE,P2,Jaipur,Galwar Bagh
research_bc4bd902452a0dc6b3448831,yc_in_rj_jaipur_jain_mandir,OPENING_HOURS,P2,Jaipur,Jain Mandir
research_a08c0d20a6f6b714f3895436,yc_in_rj_jaipur_jain_mandir,WEBSITE,P2,Jaipur,Jain Mandir
research_9315fa5cb60f17402cad0478,yc_in_rj_jaipur_vidyadhar_garden,OPENING_HOURS,P2,Jaipur,Vidyadhar Garden
research_9d213a5b9a0b1f2086c5124d,yc_in_rj_jaipur_vidyadhar_garden,WEBSITE,P2,Jaipur,Vidyadhar Garden
research_fd6e398213cfe4ec47b72f58,yc_in_rj_jaipur_haveli,DESCRIPTION,P2,Jaipur,Haveli
research_f14e3b079ce7f43cbaca8997,yc_in_rj_jaipur_haveli,OPENING_HOURS,P2,Jaipur,Haveli
research_346ae58d0f502f7c1a2ffb8d,yc_in_rj_jaipur_haveli,WEBSITE,P2,Jaipur,Haveli
research_7638df6ad8d9ca1dff0de2f5,yc_in_rj_jaipur_india_gate,DESCRIPTION,P2,Jaipur,India gate
research_5deb0bcf1c2ce8f2265dbee0,yc_in_rj_jaipur_maharaniyon,DESCRIPTION,P2,Jaipur,Maharaniyon
research_1a5f1967afe7e24b0ef1aad2,yc_in_rj_jaipur_moon_gate,DESCRIPTION,P2,Jaipur,Moon Gate
research_adc1424dbf73949e5e71eef5,yc_in_rj_jaipur_sun_gate,DESCRIPTION,P2,Jaipur,Sun Gate
research_e0bacd8c0e57408740e0f02f,yc_in_rj_jaipur_chulgiri_digamber_jain_temple,DESCRIPTION,P2,Jaipur,Chulgiri Digamber Jain Temple
research_530a36456ccaf0ba87da192d,yc_in_rj_jaipur_chulgiri_digamber_jain_temple,OPENING_HOURS,P2,Jaipur,Chulgiri Digamber Jain Temple
research_08c7e39403c52852997387f7,yc_in_rj_jaipur_diwan_i_am,DESCRIPTION,P2,Jaipur,Diwan-i-Am
research_f0a14b2aebaf784239ebb591,yc_in_rj_jaipur_elejungle_jaipur_elephant_ride,DESCRIPTION,P2,Jaipur,EleJungle- Jaipur Elephant Ride
research_b61dbcf39e619081c2508f6f,yc_in_rj_jaipur_ajmeri_gate,DESCRIPTION,P2,Jaipur,Ajmeri Gate
research_992f1365d68764c3f5a0c9d6,yc_in_rj_jaipur_ganesh_pol,DESCRIPTION,P2,Jaipur,Ganesh Pol
research_3eb6faed9146654064ab18e9,yc_in_rj_jaipur_rooftop_view_stairs,DESCRIPTION,P2,Jaipur,Rooftop view stairs
research_66918598114c4cfcf140b5df,yc_in_rj_jaipur_sawai_mansingh_townhall,DESCRIPTION,P2,Jaipur,Sawai Mansingh Townhall
